user,text,created_at,retweet_count,favorite_count
elonmusk,It does https://t.co/zYhPJhSigw,2025-03-31T15:23:04.000Z,253,1282
elonmusk,Very important https://t.co/9N4c8Jo1VE,2025-03-31T15:22:26.000Z,208,1077
elonmusk,Utter madness! https://t.co/NoywkcaGlU,2025-03-31T15:21:55.000Z,246,1736
elonmusk,"As I‚Äôve said previously, unsupervised full self-driving Teslas will be carrying passengers in Austin in June and many cities in America by end of year. 

This will enable passenger cars to increase in utility by roughly half an order of magnitude overnight with a software update. https://t.co/ADgZNQzmRz",2025-03-31T15:17:23.000Z,674,3707
elonmusk,"When the radical left can‚Äôt win via democratic vote, they abuse the legal system to jail their opponents.

This is their standard playbook throughout the world. https://t.co/FgmgeyQ2rp",2025-03-31T14:56:28.000Z,3801,18425
elonmusk,Former federal officer sentenced for smuggling aliens and receiving bribes from cartel https://t.co/84jVQlys2B,2025-03-31T14:38:32.000Z,2673,11564
elonmusk,"Easiest money you ever made!

You don‚Äôt even need to be from Wisconsin, you just need to get people in the state to hold a picture of @TeamSchimel (can be on a phone/device or paper) in one hand and go thumbs up with the other hand. 

Every time you do that you get $20 and they https://t.co/2JqpcFmtpJ",2025-03-31T07:25:09.000Z,8101,30278
elonmusk,I think about this often https://t.co/qHgVAwiB4u,2025-03-31T05:44:12.000Z,27145,245292
elonmusk,Precisely https://t.co/mk4uuB7jCu,2025-03-31T05:41:50.000Z,7495,46221
elonmusk,https://t.co/siFOr0m0eA https://t.co/6O2kgF0E6z,2025-03-31T05:16:32.000Z,2661,22598
elonmusk,You can ask Grok anything! https://t.co/OQYXnvlONx,2025-03-31T04:51:01.000Z,5465,80028
elonmusk,kek https://t.co/ZAFd3XLdpO,2025-03-31T04:34:22.000Z,7198,47043
elonmusk,https://t.co/JlJkuvzvJU,2025-03-31T04:32:49.000Z,12110,144518
elonmusk,üòÇ https://t.co/bp1Fp3ePBv,2025-03-31T04:30:30.000Z,5097,50917
elonmusk,üòÇüíØ https://t.co/S6l7MmkyuM,2025-03-31T04:24:48.000Z,6670,37897
elonmusk,Yup https://t.co/aGKj8FVBK7,2025-03-31T04:24:14.000Z,7459,50062
elonmusk,https://t.co/FlOxXhfuow,2025-03-31T04:21:59.000Z,5444,35431
elonmusk,üíØ https://t.co/zDBYAuPyML,2025-03-31T04:01:47.000Z,3742,19617
elonmusk,https://t.co/06l6sDTW4H,2025-03-31T03:25:22.000Z,4335,25451
elonmusk,https://t.co/5mQQjMR7mv,2025-03-31T03:22:37.000Z,5350,32181
elonmusk,It really is https://t.co/gF5jOhlhDC,2025-03-31T03:20:21.000Z,5053,24260
elonmusk,üíØ https://t.co/hZO3u56Vki,2025-03-31T03:12:06.000Z,14279,61236
elonmusk,"This is why the Tuesday Supreme Court election in Wisconsin is so important nationally. 

The left wants to redraw the Wisconsin voting districts to gain control of the US House of Representatives. https://t.co/L195gM05Fa",2025-03-31T03:10:36.000Z,14680,45771
elonmusk,You could make over $1000 in one day just by getting out the vote in Wisconsin! https://t.co/SPnApUbwoD,2025-03-31T03:06:03.000Z,6248,29286
elonmusk,https://t.co/1eaWcy3LfW,2025-03-31T02:59:30.000Z,13247,102261
elonmusk,Wow https://t.co/XVZ8ia9P2o,2025-03-31T02:58:13.000Z,3593,36526
elonmusk,"Yes, it is utterly insane. 

The American people would have been disenfranchised if the machine represented by the Kamala puppet had won. 

Thankfully, we have President Trump. https://t.co/DMQQlKkP9a",2025-03-31T02:54:27.000Z,25690,97492
elonmusk,Starting in 5 mins! https://t.co/JmrdrtYUkX,2025-03-31T00:33:01.000Z,6340,37656
elonmusk,Resending https://t.co/YUnXslZIYq,2025-03-31T00:27:37.000Z,6223,29143
elonmusk,https://t.co/XbfEhulfan,2025-03-31T00:17:33.000Z,8546,32499
elonmusk,Talk in Wisconsin starting soon! https://t.co/LjAiUpoY6N,2025-03-31T00:15:01.000Z,7471,49502
elonmusk,üá∫üá∏üá∫üá∏ https://t.co/Eq5JPCbodE,2025-03-30T23:34:00.000Z,3589,17099
elonmusk,Adding voter ID to the Wisconsin Constitution is also at stake on Tuesday https://t.co/HG7WjFXe38,2025-03-30T23:17:01.000Z,16052,70238
elonmusk,Yes https://t.co/aEqvL067V2,2025-03-30T23:15:23.000Z,10273,33174
elonmusk,Looking forward to it https://t.co/rwnstDkrKj,2025-03-30T22:16:09.000Z,16708,96523
elonmusk,Interesting https://t.co/V2tVlxFkTI,2025-03-30T21:59:08.000Z,7187,30803
elonmusk,"1000%

What‚Äôs at issue here is control of the US House of Representatives. 

This Wisconsin Supreme Court race might decide the future of America and Western Civilization! 

It‚Äôs a big deal. https://t.co/zUuNPtFbMK",2025-03-30T21:00:44.000Z,17674,52962
elonmusk,https://t.co/JjX6KCSauS,2025-03-30T20:45:08.000Z,3187,16779
elonmusk,Nothing has changed https://t.co/4jI1Ls4xbD,2025-03-30T20:31:15.000Z,25112,83881
elonmusk,https://t.co/tGnEmsCoAO,2025-03-30T20:13:42.000Z,1679,8737
elonmusk,"First of all, there are no cuts to Medicaid, Social Security or other entitlements, unless stopping fraud is considered a ‚Äúcut‚Äù. 

Second, organizing a campaign to call for the death of someone is illegal. The organizers and funders will be found and prosecuted. https://t.co/xzWxFLeda6",2025-03-30T19:55:30.000Z,45875,185275
elonmusk,"Based on the videos I‚Äôve seen so far, the worst fear of the paid Tesla ‚Äúprotestors‚Äù appears to be having to get a real job",2025-03-30T19:51:18.000Z,16310,150258
elonmusk,Hmm https://t.co/4gxN0Rq974,2025-03-30T18:33:50.000Z,3334,19559
elonmusk,"Vote for Superjudge Brad Schimel in Wisconsin on Tuesday!! 

The Republican House majority is razor thin and the Democrats want to redraw Wisconsin districts to flip the House and stop the government reforms. 

Super important to vote for Superjudge!! https://t.co/SgN9mSOZgU",2025-03-30T17:17:55.000Z,19725,70440
elonmusk,"It is time to arrest those funding the attacks. 

Arresting their puppets and paid foot-soldiers won‚Äôt stop the violence. 

 https://t.co/R4aHg4Q5Kw",2025-03-30T15:31:48.000Z,34690,183936
elonmusk,"They literally are paid ‚Äúprotesters‚Äù!
 https://t.co/wx0JFXWNFD",2025-03-30T15:24:20.000Z,29699,182456
elonmusk,"Of course. 

The left lied. https://t.co/mf99CQqJgl",2025-03-30T13:29:52.000Z,14003,72753
elonmusk,Cool https://t.co/LU9N4PfsAW,2025-03-30T06:27:06.000Z,19096,101578
elonmusk,Who is funding and organizing all these paid protests? https://t.co/QDjD9Gao8a,2025-03-30T06:18:48.000Z,22879,127538
elonmusk,"Sure is insanely ironic that the people shooting bullets into Tesla stores, burning down cars and generally being violent are calling me a Nazi when I have done literally zero violence at all ü§∑‚Äç‚ôÇÔ∏è https://t.co/DWrC7zrLw9",2025-03-30T06:17:19.000Z,40284,246586
elonmusk,"IRS refund fraud payments are one of several means used by the Democratic Party to attract and retain illegal immigrants in the USA. That‚Äôs why they are so opposed to @DOGE stopping this!

The Democratic Party is aiding and abetting fraudulent government payments to illegals in https://t.co/1t45vSnhce",2025-03-30T06:09:53.000Z,44441,139111
elonmusk,"üíØ
 https://t.co/5Pxy4G0GHk",2025-03-30T05:55:16.000Z,11144,56318
elonmusk,Exactly https://t.co/OyIAefETt1,2025-03-30T05:54:34.000Z,8338,45405
elonmusk,Democratic Party voter importation https://t.co/xUT7pHrDHw,2025-03-30T05:40:57.000Z,19385,81371
elonmusk,üíØ https://t.co/vAdZTXhu2m,2025-03-29T21:59:43.000Z,21740,112542
elonmusk,Interesting ü§î https://t.co/8B6ATDMyZz,2025-03-29T21:57:45.000Z,39841,225800
elonmusk,"The goal of the left is to destroy my influence. 

So they relentlessly push negative propaganda about me like the fake Nazi stuff and ignore anything positive. 

They are evil. https://t.co/RfS7e9UtAC",2025-03-29T21:55:57.000Z,54363,300545
elonmusk,True https://t.co/d1ISlgldSP,2025-03-29T21:44:15.000Z,2720,22718
elonmusk,"First time humans will be in polar orbit around Earth launches on Monday!

@framonauts https://t.co/s0fNKcUxNx",2025-03-29T21:37:41.000Z,19796,154075
elonmusk,Servers are running hot ü•µ https://t.co/2VDjMz6Rsl,2025-03-29T21:32:45.000Z,5705,48194
elonmusk,Everything is computer https://t.co/htfRhmQphU,2025-03-29T21:31:26.000Z,7221,86409
elonmusk,True https://t.co/DWUadoe6mQ,2025-03-29T21:30:37.000Z,13618,94153
elonmusk,This may be unfair to Llama,2025-03-29T21:27:32.000Z,654,5183
elonmusk,A Supreme Court election in Wisconsin might determine the fate of America https://t.co/lucFh8uydy,2025-03-29T17:06:35.000Z,32001,108615
elonmusk,This is really cool ‚ù§Ô∏è https://t.co/cWJGmpbV0H,2025-03-29T16:52:21.000Z,4967,28289
elonmusk,Not bad https://t.co/pGlIkurYEm,2025-03-29T09:05:43.000Z,7726,62372
elonmusk,Starlink now in Azerbaijan üá¶üáø! https://t.co/pxLj4dARLb,2025-03-29T08:55:03.000Z,9094,95638
elonmusk,üíØ https://t.co/z1aHk6IOud,2025-03-29T01:53:16.000Z,9417,52052
elonmusk,üá∫üá∏üá∫üá∏ https://t.co/p2iS4qrAer,2025-03-29T01:44:17.000Z,20750,108246
elonmusk,Imagine if every member of Congress had a veto right on legislation that could only be overridden by a committee that meets infrequently. Same thing. https://t.co/cXLg3MCTNE,2025-03-29T01:21:39.000Z,15774,75312
elonmusk,"Even more important than the Wisconsin Supreme Court race is the ballot initiative to add voter ID to the state constitution, which will ensure integrity in elections. 

Both are decided on April 1st. 

Very important to vote and encourage anyone you know in Wisconsin to vote!",2025-03-29T01:09:12.000Z,36485,143204
elonmusk,The @DOGE team is confident that Social Security will work much better in the future https://t.co/aoUtG33i0i,2025-03-29T00:55:55.000Z,11376,70873
elonmusk,https://t.co/kslsp7pgWO,2025-03-29T00:50:22.000Z,26244,144080
elonmusk,Yeah https://t.co/t2faGIdlup,2025-03-29T00:49:06.000Z,18155,245585
elonmusk,"Since the government program isn‚Äôt working, that‚Äôs pretty much what‚Äôs happening anyway https://t.co/lmhaSfTQIB",2025-03-29T00:44:18.000Z,9456,58913
elonmusk,"Good job, guys üòÇ https://t.co/9fx1i6Qjrc",2025-03-29T00:30:56.000Z,21446,266081
elonmusk,üöÄ https://t.co/imXu0dVXEl,2025-03-29T00:10:40.000Z,4444,27634
elonmusk,üöÄüöÄ https://t.co/DFxCQr2ug4,2025-03-28T21:58:33.000Z,2549,19417
elonmusk,Amazing ü§£ https://t.co/y6a4EE8mVt,2025-03-28T20:37:25.000Z,2444,18045
elonmusk,"Take a tequila shot every time Obama said ‚Äúgovernment efficiency‚Äù 
 https://t.co/gFLaK2Iwbb",2025-03-28T17:52:05.000Z,34285,217138
elonmusk,"Someone should do a ‚ÄúWho said it, Obama/Clinton or @DOGE?‚Äù

Literally impossible to tell the difference! https://t.co/LCsdKEiFxb",2025-03-28T17:44:33.000Z,20938,88294
elonmusk,Concerning https://t.co/PRmlzm2GZg,2025-03-28T17:41:28.000Z,62468,209230
elonmusk,üòÇ https://t.co/wymYOPEFNi,2025-03-28T17:28:27.000Z,21532,177837
elonmusk,"On Sunday night, I will give a talk in Wisconsin.

To clarify a previous post, entrance is limited to those who have signed the petition in opposition to activist judges.

I will also hand over checks for a million dollars to 2 people to be spokesmen for the petition.",2025-03-28T17:28:14.000Z,23208,141548
elonmusk,Yup https://t.co/AQYKkiVeDG,2025-03-28T14:42:03.000Z,14744,60100
elonmusk,üéØ https://t.co/itZW95WUbF,2025-03-28T14:26:07.000Z,17820,133072
elonmusk,Hmm https://t.co/0aQ2p02FxK,2025-03-28T13:51:38.000Z,11876,44734
elonmusk,Such hypocrisy https://t.co/7uEKgDLBz6,2025-03-28T13:43:12.000Z,52018,385526
elonmusk,Wow https://t.co/qR7is8eKGY,2025-03-28T13:34:08.000Z,16924,91358
elonmusk,üòÇüéØ https://t.co/WHny0Zn2e6,2025-03-28T13:29:36.000Z,4882,88849
elonmusk,https://t.co/VnLcmywp6g,2025-03-28T13:29:15.000Z,10894,54916
elonmusk,As it should be üá∫üá∏üá∫üá∏ https://t.co/W2onBKrlZJ,2025-03-28T13:23:07.000Z,25310,173197
elonmusk,üá∫üá∏üá∫üá∏ https://t.co/5NbpWhi5IA,2025-03-28T12:50:21.000Z,9957,44406
elonmusk,üíØüá∫üá∏ https://t.co/yr0nfucaJa,2025-03-28T12:39:50.000Z,6072,50677
elonmusk,AppLovin CEO uses Grok 3 https://t.co/aBUxHSs1XW,2025-03-28T12:25:07.000Z,2509,15141
elonmusk,"This shows why a regulatory overhaul is necessary. 

The burden of mountains of regulations is why the high speed rail can‚Äôt get down in California and the bridge that the ship hit still hasn‚Äôt been fixed. https://t.co/IPDgbUI6zY",2025-03-28T12:22:01.000Z,26123,117806
elonmusk,Correct https://t.co/et66TpjSRa,2025-03-28T12:04:01.000Z,46228,159648
elonmusk,This is a job for big üèÄüèÄ,2025-03-28T07:37:57.000Z,1190,12326
elonmusk,"Congratulations, Scott Ainsworth of Green Bay! https://t.co/usbPk0Js0K",2025-03-28T07:36:35.000Z,17526,116654
elonmusk,https://t.co/m0ZekDvYeX,2025-03-28T04:48:30.000Z,19065,183954
